attempt_id,student_alias_id,problem_id,parent_attempt_id,retry_number,final_answer,written_reasoning,normalized_reasoning,source_code,speech_transcript,selected_language,input_language,input_modality,response_time_seconds,speech_processing_status,speech_audio_retained,rule_state,rule_misconception_id,rule_confidence,rule_score,prediction_source,ml_score,hybrid_score,model_version,feature_version,calibration_version,teacher_review_id,teacher_decision,target_state,target_misconception_id,created_at
e3b1c62b-a7b0-48d6-b8ff-cd386bf592ad,0762559d-00f1-45c8-9569-bbf1025f6658,42905045-16c1-4ed2-964e-eefd7f01bd27,,0,Use binary search to find the target.,"I will use binary search because it gives O(log n), so I can repeatedly check the middle element and move left or right.",,"def search(arr, target):
    left = 0
    right = len(arr) - 1
    while left <= right:
        mid = (left + right) // 2
        if arr[mid] == target:
            return mid
        elif arr[mid] < target:
            left = mid + 1
        else:
            right = mid - 1
    return -1",,python,english,text,90,not_provided,False,confident,2e7c7cef-18c1-478d-a6b4-a9547d72b7e4,0.9,0.9,rule,,,rule-v1,,,a35b2819-87a7-49bb-8743-2c527932b8b4,accepted,confident,2e7c7cef-18c1-478d-a6b4-a9547d72b7e4,2026-07-27T11:52:49.342398
d9eb572a-bfd7-49b6-b547-a97d334ddb04,21c25484-afa8-49d6-b0e5-141378052979,42905045-16c1-4ed2-964e-eefd7f01bd27,,0,"The array is not sorted, so binary search should not be used directly. I would use linear search and check each element until I find the target value 7. In the given array, 7 is found at index 2. The time complexity is O(n).","Binary search requires the input array to be sorted because it decides whether to continue in the left half or the right half based on the middle element. The given array [4, 1, 7, 3, 9] is unsorted, so using binary search may eliminate the wrong half and produce an incorrect result. Therefore, linear search is the correct approach for this input. It checks each element from left to right and stops when the target is found. Its time complexity is O(n) and its space complexity is O(1).",,"def search_target(arr, target):
    for index, value in enumerate(arr):
        if value == target:
            return index
    return -1


arr = [4, 1, 7, 3, 9]
target = 7

result = search_target(arr, target)
print(result)",,python,english,text,48,not_provided,False,no_misconception,,0.95,0.95,rule,,,rule-v1.3,,,09cf4ebc-b1dd-4050-9d5c-7e9319879690,overridden,insufficient,,2026-08-02T08:04:25.264774
c17ebb71-c195-4346-8721-3be9cca8fa38,21c25484-afa8-49d6-b0e5-141378052979,42905045-16c1-4ed2-964e-eefd7f01bd27,,0,"The array is not sorted, so binary search should not be used directly. I would use linear search and check each element until I find the target value 7. In the given array, 7 is found at index 2. The time complexity is O(n).","Binary search requires the input array to be sorted because it decides whether to continue in the left half or the right half based on the middle element. The given array [4, 1, 7, 3, 9] is unsorted, so using binary search may eliminate the wrong half and produce an incorrect result. Therefore, linear search is the correct approach for this input. It checks each element from left to right and stops when the target is found. Its time complexity is O(n) and its space complexity is O(1).",,"def search_target(arr, target):
    for index, value in enumerate(arr):
        if value == target:
            return index
    return -1


arr = [4, 1, 7, 3, 9]
target = 7

result = search_target(arr, target)
print(result)",,python,english,text,39,not_provided,False,no_misconception,,0.95,0.95,rule,,,rule-v1.3,,,1974d7b3-dac5-4907-aa4b-36d6e353ba8e,overridden,insufficient,,2026-08-02T08:18:24.371022
cc0b57f3-a845-47ca-aab2-cc4660874b9b,294bc539-1a81-489a-94e7-023c0723294d,42905045-16c1-4ed2-964e-eefd7f01bd27,,0,io;pl,uiokli,,gykjuh,,python,english,text,21,not_provided,False,insufficient,,0.0,0.0,rule,,,rule-v1.3,,,c23795fa-0a89-4407-a159-30540fdd0ee8,overridden,insufficient,,2026-08-04T15:48:52.648126
bb929c87-f876-4522-abd9-d06d7547ce09,88804299-152c-4b39-b584-fcff7a554f26,42905045-16c1-4ed2-964e-eefd7f01bd27,,0,"The array is not sorted, so binary search should not be used directly. I would use linear search and check each element until I find the target value 7. In the given array, 7 is found at index 2. The time complexity is O(n).","Binary search requires the input array to be sorted because it decides whether to continue in the left half or the right half based on the middle element. The given array [4, 1, 7, 3, 9] is unsorted, so using binary search may eliminate the wrong half and produce an incorrect result. Therefore, linear search is the correct approach for this input. It checks each element from left to right and stops when the target is found. Its time complexity is O(n) and its space complexity is O(1).",,"def search_target(arr, target):
    for index, value in enumerate(arr):
        if value == target:
            return index
    return -1


arr = [4, 1, 7, 3, 9]
target = 7

result = search_target(arr, target)
print(result)",,python,english,text,60,not_provided,False,no_misconception,,0.95,0.95,rule,,,rule-v1.3,,,be69b3af-d5cd-4df8-852b-e7b74232293d,accepted,no_misconception,,2026-08-05T03:40:33.624496
04a1fc50-eb85-4857-a650-98845115cdee,3b7954bf-23ce-41bd-8922-bbab8a10eee2,42905045-16c1-4ed2-964e-eefd7f01bd27,0de49445-5a20-48bc-a365-ff7c66d71d70,1,"ఈ array sorted కాదు, కాబట్టి direct binary search use చేయకూడదు. Linear search use చేస్తాను.","Binary search correct ga work అవ్వాలంటే array sorted ఉండాలి. ఇక్కడ [4, 1, 7, 3, 9] sorted కాదు. అందుకే ప్రతి element ని target 7 తో compare చేస్తూ linear search చేయడం correct.",,"def search(arr, target):
    for index, value in enumerate(arr):
        if value == target:
            return index
    return -1",ఈ input sorted కాదు. Binary search కి sorted order అవసరం. So నేను linear search use చేస్తాను and each element ni target tho compare చేస్తాను.,python,english,text_code_speech,22,completed,False,no_misconception,,0.95,0.95,rule,,,rule-v1.9,,,9b05fc85-29bf-4994-9d65-a0e9a6059256,accepted,no_misconception,,2026-08-11T04:50:34.954494
